trait	method	compartment	category	prop_snps	prop_h2	prop_h2_se	enrichment	enrichment_se	enrichment_p	coefficient	coefficient_se	coefficient_z	total_h2	intercept	lambda_gc	n_snps
EA	method1_distance	epithelial	L2_0	0.0887986715335054	0.1605413784368545	0.0572616783947566	1.8079254527617463	0.6448483677275592	0.2158323799137871	-3.721841042857207e-09	9.384030617969795e-09	-0.3966143328358422	0.0767	1.0381	1.1974	1008364.0
EA	method1_distance	immune	L2_0	0.0744153947244151	0.1301574686123237	0.028276856272092	1.7490664276436332	0.3799866462687004	0.0540332184078482	-6.681451605928857e-10	4.1974409756254485e-09	-0.1591791676101716	0.0767	1.0381	1.1974	1008364.0
EA	method1_distance	stromal	L2_0	0.0645825753012123	0.112737343375931	0.0535237033158463	1.745630967023618	0.8287638432845456	0.3766478020472207	-1.639383086521474e-08	1.1880396618355077e-08	-1.3799060243398322	0.0765	1.0383	1.1974	1008364.0
EA	method2_cicero	epithelial	L2_0	0.0352134542963876	0.0727232209075293	0.0328282729348936	2.065211219990695	0.9322650558102534	0.2584799029265844	-1.3352460318580181e-08	1.1903195433026202e-08	-1.1217542712550024	0.0767	1.038	1.1974	1008364.0
EA	method2_cicero	immune	L2_0	0.0583763996229592	0.0988855705997424	0.0233774038852106	1.6939306164549952	0.4004598439814771	0.0903432289083111	-1.0883372131538775e-09	4.148788565243009e-09	-0.262326507133084	0.0767	1.0381	1.1974	1008364.0
EA	method2_cicero	stromal	L2_0	0.0283570694893392	0.0486788260074557	0.0378321412314304	1.716638104150939	1.3341343768139833	0.5941945993264754	-2.29170503096614e-08	1.9315559325867823e-08	-1.1864554333133073	0.0765	1.0382	1.1974	1008364.0
EA	method2b_glasso	epithelial	L2_0	0.0122885499279586	0.0309097055382357	0.0286815768602118	2.5153257072187687	2.334008245753728	0.5169631022492518	-2.341587691864476e-09	3.1803294405815693e-08	-0.0736272054707729	0.0767	1.0381	1.1974	1008364.0
EA	method2b_glasso	immune	L2_0	0.0106752730467347	0.0228483983519694	0.0166921634179561	2.140310440018033	1.5636287095309302	0.4707539468494729	-8.696398862999254e-09	1.6734677014398346e-08	-0.5196633825389615	0.0767	1.0381	1.1974	1008364.0
EA	method2b_glasso	stromal	L2_0	0.010665878900395	0.0251580494890242	0.0159841896015904	2.358741339927688	1.4986284534881065	0.3709058017206275	-8.324160542144408e-09	6.37463462331929e-09	-1.3058255153469476	0.0766	1.0381	1.1974	1008364.0
EA	method3_abc	epithelial	L2_0	0.0081400278033181	0.020747331614385	0.0252728984292522	2.5488035318414775	3.104768072039051	0.6187923389193316	-3.350249289005346e-09	3.785449903088472e-08	-0.0885033318304369	0.0767	1.0381	1.1974	1008364.0
EA	method3_abc	immune	L2_0	0.0408995968736951	0.0581061157069513	0.0173204872048014	1.4207014285835804	0.4234879688005248	0.3267264091231141	-5.239921950400435e-10	4.088617062892144e-09	-0.1281587849827613	0.0767	1.0381	1.1974	1008364.0
EA	method3_abc	stromal	L2_0	0.0080933925768462	0.0231235188342064	0.0256759288592216	2.8570860259959185	3.1724556316069483	0.5600820685081851	-1.401039082876844e-09	3.850218516440908e-08	-0.0363885602049399	0.0767	1.0381	1.1974	1008364.0
EA	method4a_paired	epithelial	L2_0	0.0024547239890766	0.0371179079602149	0.0206326040048251	15.121010804223822	8.405264337921093	0.0883106810827045	1.7602920592308753e-07	1.141897490379367e-07	1.5415499850569447	0.0767	1.0382	1.1974	1008364.0
EA	method4a_paired	immune	L2_0	0.0053544956609947	-0.0030747231783955	0.0205537933277127	-0.5742320795576622	3.838604908663647	0.6819622707543662	-3.8685727365784053e-08	5.1282384063910435e-08	-0.7543667883609341	0.0767	1.0381	1.1974	1008364.0
EA	method4a_paired	stromal	L2_0	0.0033931321073636	-0.0114313408803758	0.0158896144808903	-3.368964283933372	4.682875283991192	0.3423261587022839	-8.65565852547332e-08	5.8356454051872664e-08	-1.4832392862286257	0.0766	1.0383	1.1974	1008364.0
EA	method4b_crosscohort	epithelial	L2_0	0.0023483688323025	0.0170584227459031	0.0239100162802486	7.26394530163193	10.18154216295098	0.5372127370362503	6.0538739932176e-08	1.3588106898622058e-07	0.4455274041030329	0.0767	1.038	1.1974	1008364.0
EA	method4b_crosscohort	immune	L2_0	0.005291923936268	-0.0011701540780473	0.0246778740009518	-0.2211207288955375	4.663308524112096	0.7933786695568841	-3.4021793523626254e-08	6.243990353572592e-08	-0.5448726150603385	0.0767	1.038	1.1974	1008364.0
EA	method4b_crosscohort	stromal	L2_0	0.0032966743547689	-0.0197634759273374	0.0167751804404124	-5.994973661486415	5.088516072612887	0.1597519783584811	-1.231797253640025e-07	6.405793090979547e-08	-1.9229426179478175	0.0766	1.0382	1.1974	1008364.0
EA	method5_re2g	epithelial	L2_0	0.0887953164812413	0.1604871190579068	0.0572643738990786	1.8073827023501965	0.644903089130564	0.2161757717875402	-3.731817171906892e-09	9.384989600759249e-09	-0.3976367935032114	0.0767	1.0381	1.1974	1008364.0
EA	method5_re2g	immune	L2_0	0.074413717198283	0.1301409168871719	0.0282767933527741	1.7488834288495216	0.3799943668642119	0.0540963457061289	-6.715276182013457e-10	4.197466440393387e-09	-0.159984035069119	0.0767	1.0381	1.1974	1008364.0
EA	method5_re2g	stromal	L2_0	0.0645782137332689	0.1125285993119801	0.0535343988408451	1.742516443343623	0.828985438680006	0.3787420357136645	-1.6455275966959014e-08	1.1885748866854101e-08	-1.3844542864983456	0.0765	1.0383	1.1974	1008364.0
EA	method5_re2g_continuous	epithelial	L2_0	0.088376057956347	0.1598318646510862	0.0569972205179653	1.8085425888766664	0.6449396118812957	0.2156158262517486	-3.749599317980595e-09	9.440306072337952e-09	-0.3971904395099748	0.0767	1.0381	1.1974	1008364.0
EA	method5_re2g_continuous	immune	L2_0	0.0742198738649648	0.1297457410172647	0.0281556774482994	1.7481266709415766	0.3793549622507538	0.0539385722326218	-6.714351899339705e-10	4.1975312702299105e-09	-0.1599595444817721	0.0767	1.0381	1.1974	1008364.0
EA	method5_re2g_continuous	stromal	L2_0	0.0641919744776141	0.1124270654305139	0.0528384371807777	1.7514193377821858	0.8231315146600496	0.369798217160539	-1.6421814671544764e-08	1.1855905718964682e-08	-1.3851168405697138	0.0765	1.0383	1.1974	1008364.0
Height	method1_distance	epithelial	L2_0	0.0887986715335054	0.2278677727338603	0.0342358165313358	2.5661169114211506	0.3855442422741427	5.4025959933791254e-05	-3.07571889237285e-08	3.674566583442271e-08	-0.8370290271054415	0.445	1.7201	5.0943	1080092.0
Height	method1_distance	immune	L2_0	0.0744153947244151	0.1665299533525482	0.0132819238170014	2.237842773921496	0.1784835498916426	2.661298785590798e-11	-2.4741525374500945e-08	7.022324915054764e-09	-3.523266962691941	0.4451	1.7203	5.0943	1080092.0
Height	method1_distance	stromal	L2_0	0.0645825753012123	0.3547833701193001	0.0373018389052749	5.493484402946067	0.5775836397247962	3.6026994725013552e-12	2.3741877316038345e-07	6.352841370575664e-08	3.737206067509123	0.4461	1.7196	5.0943	1080092.0
Height	method2_cicero	epithelial	L2_0	0.0352134542963876	0.1318856744322386	0.021599425112272	3.7453205619128354	0.6133855807065134	9.311020518670968e-06	-1.1861883279533378e-08	4.891568044484606e-08	-0.242496540407079	0.4452	1.7201	5.0943	1080092.0
Height	method2_cicero	immune	L2_0	0.0583763996229592	0.1279834384369914	0.0116908576324614	2.192383210742857	0.2002668494112386	5.471766174377064e-09	-2.3325755741444663e-08	6.777290923381663e-09	-3.4417521698781988	0.4451	1.7207	5.0943	1080092.0
Height	method2_cicero	stromal	L2_0	0.0283570694893392	0.155119556774481	0.0196470093425621	5.470225223124618	0.6928434318626746	7.341188622681358e-10	1.1014000973164621e-07	5.8595562203392215e-08	1.8796646979738336	0.4455	1.7191	5.0943	1080092.0
Height	method2b_glasso	epithelial	L2_0	0.0122885499279586	0.0605741542178217	0.0147927427758069	4.929316686910698	1.203782615730013	0.0012564675260918	1.583925074355833e-08	9.285064935453517e-08	0.1705884757259878	0.4453	1.7207	5.0943	1080092.0
Height	method2b_glasso	immune	L2_0	0.0106752730467347	0.0612055554256303	0.0097582121861237	5.733394842237931	0.9140948567220504	6.688890952920652e-07	4.5103915298544194e-08	5.285432215341564e-08	0.8533628558819653	0.4453	1.7206	5.0943	1080092.0
Height	method2b_glasso	stromal	L2_0	0.010665878900395	0.0663120255191835	0.0081630763278011	6.217211552695155	0.7653449288177109	6.857250810500306e-11	6.637699602004228e-08	4.1147787003709614e-08	1.6131364735133429	0.4455	1.7203	5.0943	1080092.0
Height	method3_abc	epithelial	L2_0	0.0081400278033181	0.0566789351032334	0.0096239336997467	6.9629903573707015	1.1822973990117949	7.163668230192619e-07	4.224220383909829e-08	5.141169462058709e-08	0.8216458171791715	0.4453	1.7205	5.0943	1080092.0
Height	method3_abc	immune	L2_0	0.0408995968736951	0.0826422198235893	0.0087727529099188	2.0206120876643925	0.2144948503284905	2.077097890334038e-06	-1.9915192197162372e-08	6.4916111419773916e-09	-3.0678350507445917	0.4452	1.7209	5.0943	1080092.0
Height	method3_abc	stromal	L2_0	0.0080933925768462	0.0613645353995837	0.0088946522288042	7.58205348584436	1.0990017034698485	6.154215770463291e-09	6.671827181535007e-08	6.25841371484437e-08	1.0660572288006558	0.4455	1.7202	5.0943	1080092.0
Height	method4a_paired	epithelial	L2_0	0.0024547239890766	0.0217590696179694	0.0085768515236399	8.864161394436204	3.494018701005245	0.0253065339384034	2.1549291963282245e-07	2.8638114689215373e-07	0.7524689455691489	0.4451	1.7224	5.0943	1080092.0
Height	method4a_paired	immune	L2_0	0.0053544956609947	-0.0033859121580373	0.009207176386576	-0.6323494073778549	1.7195226160414008	0.3454455274750633	-2.845958680706352e-07	1.3681697141397785e-07	-2.080121092649472	0.4454	1.7199	5.0943	1080092.0
Height	method4a_paired	stromal	L2_0	0.0033931321073636	0.0129960134896324	0.0114315273377354	3.830093576795566	3.369019235333338	0.401613099000615	-7.83304217452582e-08	2.508644182340719e-07	-0.3122420560741744	0.4452	1.7216	5.0943	1080092.0
Height	method4b_crosscohort	epithelial	L2_0	0.0023483688323025	0.0111849042190762	0.0073618118693495	4.762839663524838	3.134861853080921	0.23209815969977	3.3962445278090945e-08	2.434100243260061e-07	0.139527718187169	0.4452	1.7213	5.0943	1080092.0
Height	method4b_crosscohort	immune	L2_0	0.005291923936268	-0.0039911123973521	0.0090510692397603	-0.7541892977711014	1.7103551276935454	0.3076870182535954	-2.873461629226165e-07	1.347891987849259e-07	-2.1318189106614955	0.4454	1.7198	5.0943	1080092.0
Height	method4b_crosscohort	stromal	L2_0	0.0032966743547689	-0.0029398720378786	0.0066754239030348	-0.8917690137109989	2.0248963605938934	0.3537794260239469	-3.758654865101212e-07	1.5538647423909785e-07	-2.41890736211548	0.4452	1.7226	5.0943	1080092.0
Height	method5_re2g	epithelial	L2_0	0.0887953164812413	0.2278907526774039	0.034233271304498	2.566472666669842	0.3855301457451314	5.378336731162497e-05	-3.07224210499586e-08	3.6743720195595893e-08	-0.8361271228502604	0.445	1.7201	5.0943	1080092.0
Height	method5_re2g	immune	L2_0	0.074413717198283	0.1665303117100585	0.0132816242425751	2.2378980378889173	0.1784835476930271	2.656318583350387e-11	-2.4739349849274073e-08	7.022163572230358e-09	-3.5230381056783666	0.4451	1.7203	5.0943	1080092.0
Height	method5_re2g	stromal	L2_0	0.0645782137332689	0.354772273142916	0.0372996133493777	5.493683591315359	0.5775881863725508	3.596575442033137e-12	2.3742209003440066e-07	6.352897690343243e-08	3.7372251468065576	0.4461	1.7196	5.0943	1080092.0
Height	method5_re2g_continuous	epithelial	L2_0	0.088376057956347	0.2269986664311828	0.0340078659441242	2.568553878509808	0.3848085865169761	5.11271093409475e-05	-3.1117967823754543e-08	3.686892605496823e-08	-0.8440161174578417	0.445	1.7201	5.0943	1080092.0
Height	method5_re2g_continuous	immune	L2_0	0.0742198738649648	0.166165623468631	0.0132337840270779	2.2388292355623203	0.1783051268876507	2.4780133549990525e-11	-2.4734123615335768e-08	7.015016782414929e-09	-3.5258823153978276	0.4451	1.7203	5.0943	1080092.0
Height	method5_re2g_continuous	stromal	L2_0	0.0641919744776141	0.3528243939645466	0.0371403042433448	5.496394165092835	0.5785817393153548	3.8871921516293375e-12	2.389007523919218e-07	6.423350837483822e-08	3.719254302564374	0.4461	1.7196	5.0943	1080092.0
IBD	method1_distance	epithelial	L2_0	0.0887986715335054	0.3990034687257457	0.0647023442774602	4.493349526914869	0.7286409037442279	2.99074958065316e-06	8.778563770146162e-08	5.230587376699892e-08	1.6783131870143375	0.3213	1.1215	1.2831	1150510.0
IBD	method1_distance	immune	L2_0	0.0744153947244151	0.305119176621709	0.0363629275291175	4.1002157920638105	0.4886479157139665	1.4493760425141156e-08	1.707760994974312e-08	2.4213530004781286e-08	0.7052920390529972	0.3208	1.1215	1.2831	1150510.0
IBD	method1_distance	stromal	L2_0	0.0645825753012123	0.281501371102224	0.0574862212414966	4.358782067598031	0.8901196797027932	0.0002417961601065	4.87823676831257e-08	5.321996319163245e-08	0.9166178395778288	0.321	1.1214	1.2831	1150510.0
IBD	method2_cicero	epithelial	L2_0	0.0352134542963876	0.2499752784765039	0.0702930377918923	7.098857055388269	1.9961983053478296	0.0028235387367647	1.546405474828297e-07	1.4342322102194758e-07	1.0782113689886073	0.3208	1.1217	1.2831	1150510.0
IBD	method2_cicero	immune	L2_0	0.0583763996229592	0.2283002121013999	0.0300284637432952	3.910830636626146	0.5143938978293062	2.678389656239893e-07	9.109550452525305e-09	2.3218321674564737e-08	0.3923431925962442	0.3208	1.1215	1.2831	1150510.0
IBD	method2_cicero	stromal	L2_0	0.0283570694893392	0.17740508097707	0.0408842081713647	6.256114759804957	1.441764219914721	0.0004489683718605	5.1095948186753467e-08	8.069294963907645e-08	0.6332145300834274	0.3209	1.1215	1.2831	1150510.0
IBD	method2b_glasso	epithelial	L2_0	0.0122885499279586	0.0779207175532649	0.0223460158145259	6.34092045115766	1.818442041211454	0.0044103917413949	2.4777005878683474e-08	1.028508918441086e-07	0.2409021976808724	0.3207	1.1216	1.2831	1150510.0
IBD	method2b_glasso	immune	L2_0	0.0106752730467347	0.0873616640453305	0.052836720139189	8.183553119707069	4.949449059324106	0.1552836533060609	6.422279031911017e-08	3.491294391879114e-07	0.1839512315790237	0.3208	1.1215	1.2831	1150510.0
IBD	method2b_glasso	stromal	L2_0	0.010665878900395	0.0623564663031525	0.0193547548254013	5.8463504869573395	1.8146422818174408	0.0091456419830597	-3.8184397066317674e-08	7.118200419163232e-08	-0.5364332951839867	0.3205	1.1216	1.2831	1150510.0
IBD	method3_abc	epithelial	L2_0	0.0081400278033181	0.0586988165087075	0.0161012269192429	7.211132188612456	1.978030948823003	0.0022815606433445	-5.2606810958921996e-09	3.569286912180024e-08	-0.1473874537219289	0.3206	1.1216	1.2831	1150510.0
IBD	method3_abc	immune	L2_0	0.0408995968736951	0.1089338247602682	0.0209838259089276	2.663444950244231	0.5130570351030402	0.0019175058452468	3.255017349399349e-09	2.2756830152400873e-08	0.143034742870634	0.3208	1.1215	1.2831	1150510.0
IBD	method3_abc	stromal	L2_0	0.0080933925768462	0.0565884820741368	0.0192213000152525	6.991935895464483	2.374937312474042	0.0134418090084853	-3.187605003814725e-08	6.986085878093172e-08	-0.4562791038413016	0.3205	1.1216	1.2831	1150510.0
IBD	method4a_paired	epithelial	L2_0	0.0024547239890766	0.0514462874393353	0.0213496961906416	20.95807417382497	8.697391757951825	0.0200865302719995	5.802625050865505e-07	4.685101261991313e-07	1.2385271366363615	0.3205	1.1218	1.2831	1150510.0
IBD	method4a_paired	immune	L2_0	0.0053544956609947	0.0573179994128511	0.0250746274570756	10.704649521034888	4.682911154403134	0.0356622533080548	9.972654391840881e-08	2.508954181170163e-07	0.3974825234628114	0.3206	1.1216	1.2831	1150510.0
IBD	method4a_paired	stromal	L2_0	0.0033931321073636	0.0485625384665981	0.0178311292390242	14.31200935596024	5.255064841220765	0.0114375079922889	3.957138086324791e-07	2.8007242489758805e-07	1.4128981415331294	0.321	1.1213	1.2831	1150510.0
IBD	method4b_crosscohort	epithelial	L2_0	0.0023483688323025	0.050828727999192	0.0245002167061211	21.644269545748692	10.432865727526584	0.0482234424715846	7.227412089515548e-07	5.67732768572718e-07	1.2730306386374852	0.3211	1.1214	1.2831	1150510.0
IBD	method4b_crosscohort	immune	L2_0	0.005291923936268	0.0694329432711983	0.0276657170060872	13.120548236784176	5.227912823251442	0.0184380552676539	2.349977371277291e-07	2.93661280968146e-07	0.800233985062606	0.3205	1.1217	1.2831	1150510.0
IBD	method4b_crosscohort	stromal	L2_0	0.0032966743547689	-0.0032972065667987	0.0149481030984096	-1.000161439066342	4.5342977466930865	0.6595488816939641	-3.94768009839051e-07	2.560600326318747e-07	-1.5417010057426266	0.3203	1.1218	1.2831	1150510.0
IBD	method5_re2g	epithelial	L2_0	0.0887953164812413	0.3990659119137211	0.0647082624097494	4.4942225302843175	0.7287350839435276	2.9817401696385228e-06	8.78412521671155e-08	5.2312640629427534e-08	1.6791592072242283	0.3213	1.1215	1.2831	1150510.0
IBD	method5_re2g	immune	L2_0	0.074413717198283	0.3051194325581405	0.0363613896783247	4.100311663575656	0.4886382651929091	1.4475735153292625e-08	1.7074909888513074e-08	2.4213067617082072e-08	0.7051939951824568	0.3208	1.1215	1.2831	1150510.0
IBD	method5_re2g	stromal	L2_0	0.0645782137332689	0.2814298072390758	0.0574772016383377	4.357968283258518	0.8900401283277839	0.0002423232289365	4.8702104355791976e-08	5.3204425549896295e-08	0.9153769419071736	0.321	1.1214	1.2831	1150510.0
IBD	method5_re2g_continuous	epithelial	L2_0	0.088376057956347	0.3976904432630648	0.0645568186640042	4.499979434017096	0.7304785951857209	3.0444194450930632e-06	8.82129521869678e-08	5.278705786360197e-08	1.671109468061354	0.3213	1.1215	1.2831	1150510.0
IBD	method5_re2g_continuous	immune	L2_0	0.0742198738649648	0.3042677788489685	0.0362039154240332	4.09954588985898	0.4877927371569295	1.3845258134296331e-08	1.7008816577420747e-08	2.4203636932658528e-08	0.7027380482009444	0.3208	1.1215	1.2831	1150510.0
IBD	method5_re2g_continuous	stromal	L2_0	0.0641919744776141	0.2803582266078087	0.0571214155423242	4.367496542820612	0.8898529139689316	0.0002318108243671	4.87329629292364e-08	5.351996500626426e-08	0.9105567039054012	0.321	1.1214	1.2831	1150510.0
